poste;geste
Menuiseries extérieures;Fenêtre et porte-fenêtres
Menuiseries extérieures;Porte
Ventilation;Ventilation hybride
Ventilation;Ventilation mécanique centralisée simple flux
Ventilation;Ventilation mécanique centralisée double flux
Ventilation;Ventilation mécanique répartie
Réseau;Abaissement de la température de retour vers un réseau de chaleur
Réseau;Conduit d'évacuation des produits de combustion
Réseau;Désembouage d'un réseau de chauffage
Réseau;Désembouage d'un réseau d'eau chaude sanitaire
Réseau;Isolation d'un réseau de chauffage
Réseau;Isolation d'un réseau d'eau chaude sanitaire
Réseau;Optimiseur de relance
Réseau;Récupérateur de chaleur à condensation
Réseau;Système de variation électronique de vitesse sur une pompe
Refroidissement;Climatiseur
Refroidissement;Réseau de froid
Régulation;Dispositif d'affichage et d'interprétation des consommations d'énergie
Régulation;Régulation par sonde de température extérieure
Régulation;Robinet thermostatique
Régulation;Système de comptage individuel d'énergie de chauffage
Régulation;Système de régulation par programmation d'intermittence
Régulation;Système de régulation de la consommation d'un chauffe-eau électrique à effet Joule
Protections solaires;Fermeture isolante
Protections solaires;Protection solaire des façades
Protections solaires;Protection solaire des ouvrants
Protections solaires;Protection solaire d'une toiture
Isolation des combles et toitures;Isolation des planchers de combles perdus
Isolation des combles et toitures;Isolation des rampants de toiture par l'extérieur
Isolation des combles et toitures;Isolation des rampants de toiture par l'intérieur
Isolation des combles et toitures;Isolation d'une toiture terrasse par l'extérieur
Isolation des murs;Isolation des murs par l'extérieur
Isolation des murs;Isolation des murs par l'intérieur
Isolation des planchers bas;Isolation d'un plancher par l'extérieur
Isolation des planchers bas;Isolation d'un plancher par l'intérieur
Chauffage et eau chaude sanitaire;Chaudière biomasse
Chauffage et eau chaude sanitaire;Chaudière gaz
Chauffage et eau chaude sanitaire;Chauffe-bain
Chauffage et eau chaude sanitaire;Chauffe-eau solaire
Chauffage et eau chaude sanitaire;Chauffe-eau thermodynamique
Chauffage et eau chaude sanitaire;Radiateur électrique
Chauffage et eau chaude sanitaire;Plancher chauffant basse température
Chauffage et eau chaude sanitaire;Radiateur basse température
Chauffage et eau chaude sanitaire;Poêle et insert
Chauffage et eau chaude sanitaire;Pompe à chaleur air/air
Chauffage et eau chaude sanitaire;Pompe à chaleur air/eau
Chauffage et eau chaude sanitaire;Pompe à chaleur eau/eau
Chauffage et eau chaude sanitaire;Pompe à chaleur hybride
Chauffage et eau chaude sanitaire;Pompe à chaleur sol/eau
Chauffage et eau chaude sanitaire;Réseau de chaleur
Chauffage et eau chaude sanitaire;Système solaire combiné
Chauffage et eau chaude sanitaire;Système solaire hybride
