poste;minuscule;normalisation;slugify
Chauffage et eau chaude sanitaire;chauffage et eau chaude sanitaire;chauffage et eau chaude sanitaire;chauffage-ecs
Isolation des combles et toitures;isolation des combles et toitures;isolation des combles et toitures;isolation-combles-toitures
Isolation des murs;isolation des murs;isolation des murs;isolation-murs
Isolation des planchers bas;isolation des planchers bas;isolation des planchers bas;isolation-planchers-bas
Menuiseries extérieures;menuiseries extérieures;menuiseries exterieures;menuiseries-exterieures
Ventilation;ventilation;ventilation;ventilation
Refroidissement;refroidissement;refroidissement;refroidissement
Régulation;régulation;regulation;regulation
Réseau;réseau;reseau;reseau
Protections solaires;protections solaires;protections solaires;protections-solaires
